-0.340369837,0.245873795,-0.998383838,-1
-0.275283532,0.178740147,-1,-1
-0.314563557,0.2069611,-1,-1
-0.256459546,0.16875237,-1,-1
-0.33056848,0.225500655,-1,-1
-0.2128532,0.149859829,-1,-1
-0.424745241,0.362246501,-0.98989899,-0.9267
-0.343160008,0.215304548,-0.98989899,-1
-0.226539877,0.149294913,-0.98989899,-1
-0.331371493,0.206925289,-0.98989899,-1
-0.440643813,0.40126294,-0.989494949,-0.9368
-0.493391751,0.478083924,-0.986565657,-0.9004
-0.371662621,0.308126222,-0.988686869,-0.9838
-0.402173579,0.338120361,-0.989090909,-0.9644
-0.323083048,0.199937446,-0.98989899,-1
-0.473596989,0.448067788,-0.98989899,-0.8917
-0.521750852,0.525873033,-0.987979798,-0.8801
-0.394594329,0.309938274,-0.985050505,-0.9726
-0.305676264,0.18717553,-0.98989899,-1
-0.536848841,0.534705034,-0.981616162,-0.8713
-0.401654457,0.340290342,-0.98969697,-0.9646
-0.414280027,0.34466698,-0.98989899,-0.9364
-0.431291674,0.375013999,-0.985757576,-0.9456
-0.472715956,0.468385374,-0.98969697,-0.9111
-0.292636886,0.189437635,-1,-1
-0.400619107,0.352093061,-0.98989899,-0.9639
-0.468160252,0.437901466,-0.986969697,-0.9184
-0.510372624,0.505157037,-0.988181818,-0.8887
-0.428589211,0.387840041,-0.98989899,-0.9453
-0.430340899,0.375357791,-0.985151515,-0.9461
-0.493346131,0.480601177,-0.988282828,-0.8998
-0.521102023,0.518433635,-0.986262626,-0.8813
-0.381282239,0.289729065,-0.984747475,-0.982
-0.470330691,0.443688085,-0.989292929,-0.9169
-0.468577725,0.438904315,-0.987979798,-0.9178
-0.444276284,0.39644128,-0.986969697,-0.9362
-0.372901951,0.310981763,-0.98989899,-0.983
-0.560389092,0.588832301,-0.988787879,-0.8524
-0.500390171,0.508941307,-0.989393939,-0.8919
-0.470212776,0.436852979,-0.986565657,-0.918
-0.38909524,0.327478137,-0.98989899,-0.973
-0.421236517,0.352878552,-0.984040404,-0.9542
-0.304790682,0.19832481,-1,-1
-0.44658434,0.388652107,-0.976363636,-0.9166
-0.544166223,0.562645156,-0.987474747,-0.8635
-0.415155924,0.367343837,-0.98989899,-0.9545
-0.362698696,0.259460225,-0.98989899,-0.9729
-0.390985289,0.317271216,-0.985858586,-0.9737
-0.466906573,0.444358141,-0.98989899,-0.918
-0.373662934,0.309134686,-0.98989899,-0.9829
-0.502130877,0.506135099,-0.98989899,-0.8915
-0.430248899,0.375789283,-0.987777778,-0.9452
-0.455227152,0.417685994,-0.986767677,-0.9279
-0.431922377,0.366919382,-0.984545455,-0.9259
-0.460174571,0.409535469,-0.980808081,-0.9262
-0.49324872,0.479391272,-0.987575758,-0.9003
-0.407174927,0.329960227,-0.984242424,-0.9635
-0.490066075,0.49322256,-0.98989899,-0.8998
-0.538497846,0.572613853,-0.98989899,-0.8644
-0.514065579,0.496585354,-0.98969697,-0.8708
-0.368471753,0.288518483,-0.985858586,-0.9912
-0.545953607,0.56205613,-0.987676768,-0.8629
-0.381615661,0.286586345,-0.981616162,-0.9821
-0.512245287,0.494344396,-0.983333333,-0.8892
-0.531937431,0.540422957,-0.986969697,-0.8726
-0.521405496,0.519449297,-0.986969697,-0.881
-0.380300709,0.291132288,-0.985858586,-0.9821
-0.5086628,0.497676575,-0.986161616,-0.8904
-0.493215175,0.48465429,-0.989292929,-0.8993
-0.463688484,0.447591523,-0.98979798,-0.9188
-0.40662071,0.328299954,-0.982020202,-0.9639
-0.522590478,0.55692835,-0.98989899,-0.874
-0.513650854,0.4949803,-0.983535354,-0.8886
-0.433168234,0.368217079,-0.980707071,-0.945
-0.515492462,0.522862227,-0.988989899,-0.8825
-0.401788156,0.348993946,-0.98989899,-0.9638
-0.481749668,0.468256171,-0.98989899,-0.9079
-0.551126359,0.591031415,-0.98989899,-0.8553
-0.410620281,0.339965218,-0.98989899,-0.9357
-0.525842988,0.549649346,-0.98989899,-0.8735
-0.391654106,0.317125117,-0.986565657,-0.9734
-0.253457514,0.159735574,-0.98989899,-1
-0.293431745,0.179816208,-0.98989899,-1
-0.482488283,0.457492605,-0.986767677,-0.9087
-0.370190498,0.272603956,-0.982020202,-0.9908
-0.390639259,0.317596557,-0.988484848,-0.9733
-0.323809697,0.216456963,-1,-1
-0.363089083,0.303746102,-0.98989899,-0.9916
-0.389337956,0.321673293,-0.989393939,-0.9735
-0.366001845,0.29985448,-0.988484848,-0.9915
-0.544092989,0.567326593,-0.98969697,-0.8626
-0.360828933,0.305591243,-0.988484848,-0.9922
-0.555468583,0.588363609,-0.98979798,-0.8539
-0.41593315,0.360948932,-0.98959596,-0.9547
-0.55553417,0.588288086,-0.98959596,-0.854
-0.391609273,0.317258462,-0.985959596,-0.9735
-0.390246572,0.324101058,-0.988989899,-0.9728
-0.275530568,0.169664243,-0.98989899,-1
-0.367330688,0.266757595,-0.98989899,-0.9739
-0.54431238,0.567990087,-0.98979798,-0.8624
-0.515586393,0.497255376,-0.98989899,-0.8705
-0.443808848,0.394542444,-0.986868687,-0.9363
-0.430388514,0.37067733,-0.982424242,-0.9463
-0.430356166,0.379490684,-0.989292929,-0.945
-0.392684511,0.309382497,-0.983939394,-0.9732
-0.443567127,0.397084952,-0.987777778,-0.9361
-0.381938353,0.28765954,-0.98989899,-0.9642
-0.550023495,0.556573286,-0.983535354,-0.8618
-0.427020406,0.353582456,-0.98959596,-0.9351
-0.443394682,0.394427401,-0.985858586,-0.9365
-0.350840697,0.225654899,-0.98989899,-1
-0.369962353,0.27394902,-0.981919192,-0.9909
-0.424910422,0.381868113,-0.98979798,-0.9469
-0.3800791,0.304767108,-0.988484848,-0.9815
-0.380631965,0.286123388,-0.981515152,-0.9824
-0.430902802,0.374986932,-0.986767677,-0.9455
-0.381054138,0.291369003,-0.986060606,-0.9819
-0.473123303,0.473671007,-0.98989899,-0.9104
-0.462151707,0.447607289,-0.98969697,-0.9194
-0.474098094,0.468264052,-0.98989899,-0.9103
-0.371848953,0.268631917,-0.98989899,-0.973
-0.430300529,0.387347419,-0.98989899,-0.9446
-0.366788007,0.292435793,-0.986767677,-0.9916
-0.502036758,0.507613691,-0.987070707,-0.8921
-0.236354822,0.15946191,-1,-1
-0.363064578,0.305459143,-0.989191919,-0.9919
-0.481445464,0.45987695,-0.987979798,-0.9085
-0.429767024,0.375345037,-0.985151515,-0.9463
-0.537960322,0.535381686,-0.982525253,-0.8712
-0.471982114,0.436664112,-0.987070707,-0.9172
-0.526615003,0.548032868,-0.989292929,-0.8736
-0.536178498,0.539462279,-0.986666667,-0.8708
-0.450433598,0.426028137,-0.98989899,-0.9285
-0.42072842,0.358731458,-0.98989899,-0.9264
-0.515956693,0.528345649,-0.98989899,-0.8817
-0.440281052,0.403239405,-0.98989899,-0.9367
-0.450086919,0.423990084,-0.989393939,-0.9286
-0.372235345,0.307095721,-0.989292929,-0.9836
-0.501331556,0.476314301,-0.98989899,-0.8801
-0.510672551,0.530018465,-0.98989899,-0.8836
-0.547297122,0.559831697,-0.986363636,-0.8626
-0.367248583,0.288769675,-0.985151515,-0.9915
-0.51002182,0.503643916,-0.984545455,-0.889
-0.490014168,0.474903138,-0.98989899,-0.8835
-0.459185692,0.409908595,-0.981313131,-0.9266
-0.310510821,0.189942418,-0.987777778,-1
-0.56038212,0.579984307,-0.986060606,-0.8533
-0.380794695,0.298923553,-0.987676768,-0.9816
-0.52014783,0.523150971,-0.985858586,-0.8815
-0.414791248,0.359174182,-0.989292929,-0.9552
-0.341397159,0.25654435,-1,-1
-0.550056394,0.56778094,-0.985959596,-0.8605
-0.440110821,0.373103102,-0.974949495,-0.9257
-0.421900488,0.352886764,-0.984343434,-0.9539
-0.49368366,0.489117636,-0.98989899,-0.899
-0.371006947,0.313685655,-0.98959596,-0.9833
-0.526585139,0.545836097,-0.988585859,-0.8739
-0.45449949,0.418209427,-0.987979798,-0.9275
-0.460446709,0.409822368,-0.981010101,-0.926
-0.530307551,0.546859573,-0.98959596,-0.8721
-0.39012157,0.327364806,-0.98989899,-0.9727
-0.367744952,0.289498916,-0.985353535,-0.9913
-0.514566404,0.496732849,-0.98979798,-0.8707
-0.520784927,0.520136033,-0.987575758,-0.8813
-0.407535253,1.594971644,-1,-0.8707
-0.21329028,0.14998249,-1,-1
-0.260263884,0.169919347,-0.99010101,-1
-0.404489539,1.19207148,-0.98989899,-0.9109
-0.340042732,0.248813835,-0.997878788,-1
-0.350780182,0.881954187,-1,-0.9538
-0.323124732,0.19985732,-0.98989899,-1
-0.360805419,1.089482101,-1,-0.9343
-0.275182578,0.169837352,-0.98989899,-1
-0.361864069,0.538698022,-0.98989899,-0.9812
-0.314732558,0.206910553,-1,-1
-0.330947104,0.22662808,-1,-1
-0.29340169,0.17915851,-0.98989899,-1
-0.275352646,0.178761385,-1,-1
-0.304069236,0.197861167,-1,-1
-0.370251205,0.667254251,-0.98989899,-0.9678
-0.379960534,0.305467001,-0.987575758,-0.9815
-0.343810548,0.215937336,-0.98989899,-1
-0.380009278,0.305473311,-0.987474747,-0.9814
-0.31004099,0.189622891,-0.98989899,-1
-0.372310872,1.274892109,-1,-0.9136
-0.253883728,0.159730287,-0.98989899,-1
-0.392244264,1.409192656,-1,-0.895
-0.382679515,0.903821924,-0.98989899,-0.9455
-0.236192554,0.159534215,-1,-1
-0.332746768,0.208275083,-0.98989899,-1
-0.350502685,0.225051275,-0.98989899,-1
-0.226934906,0.148994362,-0.98989899,-1
-0.443372927,0.407234864,-0.98030303,-0.9356
-0.47103215,0.454488591,-0.98989899,-0.8803
-0.364658716,0.305187929,-0.987272727,-0.9915
-0.322560528,0.215982471,-1,-1
-0.340441686,0.252058246,-1,-1
-0.41898173,0.362371141,-0.984646465,-0.9537
-0.404241276,0.996837682,-0.98989899,-0.8814
-0.457092655,0.428567713,-0.977878788,-0.926
-0.47031592,0.451068794,-0.974949495,-0.9166
-0.413340294,1.308194103,-0.98989899,-0.8966
-0.418432576,0.365287028,-0.982626263,-0.9538
-0.392561686,0.323495185,-0.987474747,-0.9721
-0.392042118,1.032411584,-0.98989899,-0.9313
-0.292818632,0.189508417,-1,-1
-0.387115541,1.338580677,-1,-0.9036
-0.393602983,0.319761771,-0.986060606,-0.972
-0.52294143,0.530537614,-0.978181818,-0.8794
-0.405963067,0.344246547,-0.983131313,-0.9628
-0.256420236,0.168739608,-1,-1
-0.44458445,0.404546762,-0.984141414,-0.9353
-0.423534265,1.42079377,-0.98989899,-0.8823
-0.484212564,0.468389505,-0.988383838,-0.9073
-0.537461299,0.556245569,-0.964949495,-0.8694
-0.406389443,0.335480706,-0.978282828,-0.9349
-0.367068471,0.303392362,-0.989191919,-0.9909
-0.379898253,0.30549414,-0.987979798,-0.9814
-0.391440722,0.32084364,-0.987272727,-0.9726
-0.420770204,1.657677975,-1,-0.8525
-0.210531908,0.149368738,-1,-1
-0.411512511,1.473882436,-0.98989899,-0.8814
-0.341048333,0.256466057,-1,-1
-0.402319347,1.463245138,-0.99989899,-0.8822
-0.39129334,1.346748246,-1,-0.9012
-0.370861708,1.050860361,-0.998787879,-0.932
-0.322262769,0.215351542,-1,-1
-0.390529935,1.284648468,-0.993131313,-0.9038
-0.306240967,0.187224203,-0.98989899,-1
-0.370694417,1.078919378,-0.99989899,-0.9282
-0.380575155,1.159966879,-0.994646465,-0.9182
-0.275898049,0.179457558,-1,-1
-0.370963064,1.060721102,-0.99979798,-0.9353
-0.42285015,1.191647086,-0.989292929,-0.8952
-0.400968064,1.480446411,-1,-0.8792
-0.310657835,0.189861332,-0.988585859,-1
-0.256005248,0.168962318,-1,-1
-0.226882032,0.149336965,-0.98989899,-1
-0.401335893,1.320411632,-0.98989899,-0.8992
-0.42164406,1.586886832,-0.98989899,-0.8655
-0.31444527,0.207224483,-1,-1
-0.235841529,0.159754437,-1,-1
-0.360350146,0.826577737,-0.99010101,-0.9573
-0.382432088,1.231668306,-1,-0.9094
-0.364661142,0.946929966,-1,-0.9465
-0.411249421,1.540471197,-0.992626263,-0.8724
-0.391094713,1.198713474,-0.98989899,-0.914
-0.294403263,0.179941324,-0.98989899,-1
-0.4136784,1.626041953,-1,-0.8642
-0.332222047,0.208177964,-0.98989899,-1
-0.254559852,0.159955412,-0.98989899,-1
-0.290552795,0.18901972,-1,-1
-0.350824704,0.671260135,-1,-0.9721
-0.413518314,1.467373727,-0.98989899,-0.8807
-0.491242871,0.481947721,-0.988888889,-0.9003
-0.350285001,0.224928673,-0.98989899,-1
-0.513826706,0.530161124,-0.989191919,-0.8825
-0.403185834,1.511214721,-1,-0.8811
-0.304275654,0.198362439,-1,-1
-0.380398443,1.031719989,-0.98989899,-0.9349
-0.460735295,0.451130558,-0.988383838,-0.9196
-0.361767569,0.886107882,-0.99989899,-0.9525
-0.330973476,0.227664521,-1,-1
-0.403487482,0.33468062,-0.984949495,-0.9641
-0.381645293,1.202360558,-0.995757576,-0.919
-0.392296067,1.315248249,-0.998484848,-0.8995
-0.340177799,0.248756273,-0.99989899,-1
-0.342010738,0.215886562,-0.98989899,-1
-0.367223628,0.297565901,-0.988181818,-0.991
-0.537623233,0.57137405,-0.989393939,-0.8646
-0.274548049,0.169336609,-0.98989899,-1
-0.321456662,0.198689525,-0.98989899,-1
-0.378774352,0.300275013,-0.988585859,-0.9821
-0.372818194,0.318446109,-0.98989899,-0.982
-0.388596,0.338236237,-0.972727273,-0.972
-0.372962439,1.08263828,-1,-0.9327
-0.412390119,0.360826765,-0.989191919,-0.9561
-0.256181046,0.168952529,-1,-1
-0.314711745,0.207779508,-1,-1
-0.304483756,0.199018391,-1,-1
-0.340327545,0.246873718,-0.998484848,-1
-0.331844404,0.208129971,-0.98989899,-1
-0.37224559,1.556387934,-0.998989899,-0.8722
-0.292675722,0.179188934,-0.98989899,-1
-0.34036071,0.251552887,-1,-1
-0.306196988,0.187324331,-0.98989899,-1
-0.321717247,0.214642548,-1,-1
-0.274507711,0.169963761,-0.98989899,-1
-0.437106152,0.374413604,-0.98989899,-0.9269
-0.360897106,1.046119606,-1,-0.9395
-0.477091817,0.447222791,-0.98989899,-0.8897
-0.452871022,0.408551602,-0.945959596,-0.9092
-0.286310095,0.185676967,-1,-1
-0.471613132,0.482835485,-0.98989899,-0.9096
-0.360338112,0.257302957,-0.98989899,-0.9725
-0.546338195,0.61016213,-0.989393939,-0.8546
-0.251956874,0.159445244,-0.98989899,-1
-0.310091934,0.189764048,-0.98969697,-1
-0.400079203,0.319971703,-0.956464646,-0.944
-0.56175566,0.594616974,-0.983030303,-0.8514
-0.413608059,0.375957115,-0.98979798,-0.9544
-0.461698818,0.415187438,-0.98989899,-0.9087
-0.486466938,0.453166901,-0.989494949,-0.8891
-0.503428665,0.489426633,-0.98989899,-0.8714
-0.500216846,0.474136724,-0.982727273,-0.8794
-0.540527472,0.52628395,-0.928888889,-0.8694
-0.292108766,0.189223512,-0.99989899,-1
-0.459510188,0.458115676,-0.98989899,-0.919
-0.520579366,0.535481516,-0.989191919,-0.8798
-0.485658384,0.466587939,-0.98989899,-0.8813
-0.418635584,0.347371003,-0.98989899,-0.9359
-0.493106401,0.478773858,-0.98989899,-0.8839
-0.330864933,0.227018701,-1,-1
-0.422237867,0.361832622,-0.98989899,-0.9272
-0.490691945,0.468290029,-0.98989899,-0.8802
-0.39027948,0.313670418,-0.978686869,-0.9447
-0.56123483,0.594599596,-0.982727273,-0.8515
-0.444586343,0.388840685,-0.98989899,-0.9174
-0.397792375,0.351943671,-0.98989899,-0.9649
-0.22731546,0.149181719,-0.98989899,-1
-0.520315139,0.509972683,-0.986464646,-0.8602
-0.531097136,0.53615496,-0.941818182,-0.855
-0.340761562,0.217577177,-0.98989899,-1
-0.46655426,0.448286595,-0.98969697,-0.9178
-0.423232924,0.397962122,-0.98989899,-0.9458
-0.452691454,0.408976898,-0.944747475,-0.9093
-0.386899513,0.330846297,-0.98989899,-0.9734
-0.449689477,0.395166699,-0.98989899,-0.9179
-0.365586705,0.251726956,-0.912323232,-0.9909
-0.49675322,0.484582765,-0.988181818,-0.8981
-0.211804553,0.149898118,-1,-1
-0.506883804,0.509234846,-0.989393939,-0.8896
-0.442038028,0.408914624,-0.989494949,-0.9357
-0.406667879,0.32661393,-0.98989899,-0.945
-0.523548623,0.527626398,-0.986161616,-0.8795
-0.381517477,0.286718872,-0.98989899,-0.9638
-0.400293358,0.352985637,-0.98989899,-0.9639
-0.370029849,0.266453989,-0.98989899,-0.9729
-0.440975824,0.410072649,-0.989494949,-0.936
-0.431812258,0.38405625,-0.987272727,-0.9443
-0.377023859,0.306783235,-0.98989899,-0.9819
-0.486368554,0.449785988,-0.975656566,-0.9076
-0.480575432,0.477606508,-0.98959596,-0.9073
-0.542367297,0.564339648,-0.988787879,-0.8635
-0.393281615,0.294244757,-0.910606061,-0.9719
-0.502885087,0.503813123,-0.989292929,-0.8912
-0.541757682,0.537646832,-0.937070707,-0.8502
-0.390505563,0.326002812,-0.989494949,-0.9726
-0.32284993,0.199465515,-0.98989899,-1
-0.481688825,0.467873459,-0.989292929,-0.9078
-0.4704631,0.44335133,-0.987272727,-0.9168
-0.403644713,0.34740879,-0.98979798,-0.9632
-0.399136366,0.34968297,-0.98989899,-0.9646
-0.532508589,0.529616997,-0.98969697,-0.8509
-0.431555908,0.381049101,-0.985757576,-0.9444
-0.234642927,0.159530795,-1,-1
-0.452833563,0.425456261,-0.989494949,-0.9274
-0.556048924,0.587521311,-0.989393939,-0.8536
-0.374245369,0.313485119,-0.98969697,-0.9822
-0.537352795,0.54842418,-0.984343434,-0.8697
-0.42150965,0.339943281,-0.949090909,-0.9535
-0.388393753,0.329029489,-0.98989899,-0.9731
-0.533944006,0.618240336,-0.98979798,-0.8557
-0.429392424,0.388621091,-0.98959596,-0.9447
-0.51011716,0.506232146,-0.987979798,-0.8889
-0.485881654,0.443652477,-0.977575758,-0.9075
-0.373899558,0.306240756,-0.98959596,-0.9832
-0.520688482,0.512744597,-0.98989899,-0.8615
-0.446726739,0.431618736,-0.98989899,-0.9289
-0.390005411,0.312733485,-0.984747475,-0.9445
-0.361199798,0.305809661,-0.98989899,-0.992
-0.516562762,0.498431768,-0.98989899,-0.8704
-0.275477872,0.179755756,-1,-1
-0.536192078,0.553181892,-0.984343434,-0.8698
-0.374932755,0.312946923,-0.98989899,-0.982
-0.429457207,0.383804158,-0.989494949,-0.9449
-0.446589628,0.386488755,-0.98040404,-0.9357
-0.491093564,0.499339377,-0.98959596,-0.8987
-0.560279777,0.594615323,-0.982020202,-0.852
-0.480789636,0.499244359,-0.98989899,-0.9021
-0.523703989,0.583952963,-0.98989899,-0.8681
-0.433692552,0.357890042,-0.913434343,-0.944
-0.393860997,0.301968793,-0.977272727,-0.9727
-0.366645812,0.298599933,-0.987777778,-0.9913
-0.47421645,0.428946553,-0.975555556,-0.9165
-0.412034183,0.339781812,-0.957979798,-0.9348
-0.361600229,0.305809661,-0.989393939,-0.9922
-0.433713008,0.357647369,-0.913939394,-0.9439
-0.432116469,0.368110548,-0.98989899,-0.9266
-0.41866431,0.397094626,-0.98989899,-0.9477
-0.461566879,0.459228685,-0.98979798,-0.9182
-0.505096665,0.513844978,-0.98969697,-0.8898
-0.350611936,0.225571662,-0.98989899,-1
-0.407467277,0.316342665,-0.925050505,-0.9626
-0.368227934,0.289821185,-0.986262626,-0.9911
-0.534164344,0.53224775,-0.98979798,-0.8514
-0.379603389,0.272776438,-0.912929293,-0.9814
-0.236290881,0.159611436,-1,-1
-0.371946539,1.280250578,-1,-0.9112
-0.406951458,1.676251858,-1,-0.8503
-0.405124039,1.680142094,-1,-0.8584
-0.360236712,0.961254607,-1,-0.9454
-0.303808273,0.197993213,-1,-1
-0.380376112,1.3412681,-1,-0.9039
-0.354244258,0.861295285,-1,-0.9541
-0.291998743,0.189647064,-1,-1
-0.340034886,0.255124644,-1,-1
-0.32232805,0.21543938,-1,-1
-0.310478302,0.189683672,-0.985353535,-1
-0.332141434,0.207854671,-0.98989899,-1
-0.305082201,0.186475333,-0.98989899,-1
-0.381825757,0.281291368,-0.97020202,-0.9816
-0.255270792,0.168400183,-1,-1
-0.330343505,0.226135753,-1,-1
-0.3993821,1.14046045,-0.98989899,-0.9046
-0.435456835,0.435315973,-0.981818182,-0.8789
-0.274367541,0.169622035,-0.98989899,-1
-0.408141555,0.323319349,-0.971818182,-0.9631
-0.513727319,0.489878931,-0.967171717,-0.8886
-0.45917911,0.407195627,-0.972424242,-0.9265
-0.419045982,0.413462642,-0.981313131,-0.8885
-0.31456987,0.207428697,-1,-1
-0.322625074,0.19942292,-0.98989899,-1
-0.293940263,0.179666294,-0.98989899,-1
-0.392414026,0.326185966,-0.983737374,-0.9719
-0.498279725,0.471077932,-0.976060606,-0.8985
-0.275529523,0.179221479,-1,-1
-0.498907382,0.471104594,-0.976161616,-0.8984
-0.225390149,0.148777716,-0.98989899,-1
-0.254061501,0.159978935,-0.98989899,-1
-0.3458816,0.218831943,-0.98989899,-1
-0.446779815,0.386160659,-0.974949495,-0.9355
-0.485532958,0.473101427,-0.989292929,-0.8692
-0.497382948,0.46948127,-0.96979798,-0.899
-0.420546366,0.344275307,-0.972828283,-0.9541
-0.395188744,0.303093386,-0.976767677,-0.9724
-0.340380281,0.247439177,-0.998787879,-1
-0.382570145,0.282275476,-0.977373737,-0.9815
-0.212097875,0.149730634,-1,-1
-0.407167939,0.323258129,-0.971717172,-0.9634
-0.539285917,0.533497909,-0.973131313,-0.87
-0.421319134,0.344330327,-0.972929293,-0.9539
-0.460980735,0.407325909,-0.976868687,-0.926
-0.350313906,0.225061312,-0.98989899,-1
-0.368787196,0.266313062,-0.976767677,-0.991
-0.460707437,0.407371194,-0.973131313,-0.9261
-0.551524475,0.552527319,-0.967878788,-0.8614
-0.254659234,0.159958912,-0.98989899,-1
-0.292622799,0.189859703,-1,-1
-0.275264976,0.179472134,-1,-1
-0.303351773,0.19777447,-1,-1
-0.321486532,0.215830029,-1,-1
-0.236167849,0.159571683,-1,-1
-0.385894367,0.884733804,-0.98989899,-0.9429
-0.255627756,0.168748064,-1,-1
-0.323328202,0.199764079,-0.98989899,-1
-0.330117701,0.227801103,-1,-1
-0.39174337,1.37068712,-1,-0.9011
-0.381997427,1.231732617,-1,-0.9169
-0.372770973,0.679165137,-0.98989899,-0.9648
-0.212594188,0.149960091,-1,-1
-0.360624877,0.848325291,-1,-0.9555
-0.361953533,0.516813848,-0.98989899,-0.9822
-0.370235392,1.029186998,-1,-0.9388
-0.3405165,0.256545851,-1,-1
-0.400207742,1.488144827,-1,-0.8862
-0.515014884,0.49438901,-0.934949495,-0.8689
-0.421404715,1.717828903,-1,-0.8534
-0.331679946,0.207360215,-0.98989899,-1
-0.541732367,0.527062935,-0.926969697,-0.8689
-0.430049928,0.43391481,-0.917979798,-0.9209
-0.310229807,0.189886762,-0.98989899,-1
-0.343989595,0.216409053,-0.98989899,-1
-0.412228076,1.617253271,-1,-0.8681
-0.340416761,0.248000376,-0.991212121,-1
-0.313274186,0.206291983,-1,-1
-0.393637333,0.315486522,-0.973535354,-0.9443
-0.41568089,0.354591613,-0.989393939,-0.9258
-0.394315093,0.985262133,-0.98989899,-0.9301
-0.38289377,0.293111367,-0.898484848,-0.9767
-0.393719258,0.315348551,-0.974343434,-0.944
-0.226437585,0.148931755,-0.98989899,-1
-0.499059018,0.484066538,-0.977373737,-0.87
-0.369221326,0.265439466,-0.97030303,-0.9725
-0.275356466,0.169577506,-0.98989899,-1
-0.351534569,0.675163742,-1,-0.9727
-0.294082081,0.17977566,-0.98989899,-1
-0.390698393,0.345490123,-0.89979798,-0.9604
-0.50600977,0.502233955,-0.903030303,-0.891
-0.500758896,0.483036055,-0.977373737,-0.8691
-0.527503987,0.525751395,-0.975858586,-0.8508
-0.387293806,0.310632424,-0.983232323,-0.9441
-0.499986475,0.48223986,-0.981919192,-0.8691
-0.485682585,0.462771202,-0.976969697,-0.8792
-0.472677478,0.441134743,-0.977676768,-0.8882
-0.450510543,0.420541195,-0.903131313,-0.9294
-0.512309793,0.524944673,-0.907777778,-0.8856
-0.360051903,0.251875517,-0.900707071,-0.993
-0.370736992,0.266130801,-0.989494949,-0.9723
-0.350734159,0.225725239,-0.98989899,-1
-0.386613129,0.293642059,-0.906666667,-0.9744
-0.421440422,0.361656217,-0.98989899,-0.9275
-0.431542166,0.377918819,-0.98989899,-0.9172
-0.360618983,0.268576223,-0.908080808,-0.992
-0.397921311,1.498332426,-1,-0.8885
-0.332365192,0.208190441,-0.98989899,-1
-0.275453605,0.169833199,-0.98989899,-1
-0.236658301,0.159934879,-1,-1
-0.27498579,0.179166689,-1,-1
-0.35066688,0.225567459,-0.98989899,-1
-0.290958756,0.189158623,-1,-1
-0.370634229,1.276884402,-1,-0.9171
-0.32295494,0.199549073,-0.98989899,-1
-0.340957219,0.216344211,-0.98989899,-1
-0.340137555,0.253591316,-1,-1
-0.330560707,0.226848834,-1,-1
-0.211560601,0.149985402,-1,-1
-0.310072952,0.189860979,-0.98969697,-1
-0.393019348,0.296591477,-0.937070707,-0.9725
-0.404821844,1.475854265,-1,-0.8649
-0.383349339,1.274456176,-1,-0.9145
-0.303183628,0.198596186,-1,-1
-0.305096818,0.186504323,-0.98989899,-1
-0.402557513,1.565372732,-1,-0.8798
-0.55092303,0.570648315,-0.976565657,-0.8602
-0.29378289,0.179565289,-0.98989899,-1
-0.321942815,0.216546248,-1,-1
-0.391676215,0.324754488,-0.98969697,-0.9723
-0.365203824,0.305263461,-0.98969697,-0.9911
-0.370351594,1.200811844,-1,-0.899
-0.407461732,0.378292808,-0.98989899,-0.9559
-0.362221228,0.921213262,-0.99,-0.9516
-0.377291553,0.30554895,-0.988585859,-0.9819
-0.424436047,0.373084689,-0.98989899,-0.9171
-0.4956356,0.493632842,-0.984040404,-0.8982
-0.45276236,0.439981329,-0.98989899,-0.926
-0.256280218,0.169266656,-1,-1
-0.492934692,0.479285682,-0.98979798,-0.8701
-0.478517649,0.457974616,-0.989292929,-0.8796
-0.547558125,0.570405957,-0.988585859,-0.8615
-0.389554549,0.329304354,-0.989494949,-0.9726
-0.429826623,0.38776198,-0.980707071,-0.9448
-0.497445813,0.489951802,-0.985454545,-0.8978
-0.556308675,0.547973981,-0.933434343,-0.8592
-0.442419939,0.406857487,-0.98959596,-0.9357
-0.495849521,0.486142215,-0.982323232,-0.8986
-0.226665504,0.149372029,-0.98989899,-1
-0.484681905,0.465908815,-0.982222222,-0.9072
-0.31462396,0.207818749,-1,-1
-0.491583939,0.479309657,-0.989191919,-0.8703
-0.403668517,0.349824028,-0.98959596,-0.9632
-0.53530371,0.5483852,-0.984949495,-0.8706
-0.490129505,0.500422884,-0.98989899,-0.8991
-0.379421154,0.305468501,-0.989494949,-0.9814
-0.416808694,0.366462521,-0.983939394,-0.9541
-0.493113918,0.479534675,-0.989292929,-0.8702
-0.363236468,0.949488465,-1,-0.949
-0.470246165,0.447298645,-0.985050505,-0.9168
-0.456543554,0.4263427,-0.98959596,-0.9261
-0.507630908,0.501187076,-0.98979798,-0.8606
-0.3926638,0.340717599,-0.98989899,-0.9267
-0.432738694,0.404743217,-0.98979798,-0.8988
-0.373627071,0.319043955,-0.98989899,-0.9816
-0.402500294,0.340153199,-0.988080808,-0.964
-0.414798057,0.370850549,-0.98969697,-0.9544
-0.364040808,0.30554895,-0.988686869,-0.9914
-0.430223197,0.386947007,-0.98959596,-0.9446
-0.394605759,0.297761345,-0.942929293,-0.9721
-0.363941157,0.305190289,-0.988484848,-0.9916
-0.364700555,0.29731057,-0.98979798,-0.9451
-0.401063616,0.332224807,-0.982828283,-0.935
-0.460774192,0.435079543,-0.98989899,-0.8893
-0.405090792,0.34521227,-0.98969697,-0.9629
-0.254194003,0.159857229,-0.98989899,-1
-0.378958932,0.305486036,-0.989292929,-0.9816
-0.418916151,0.360605452,-0.987474747,-0.9535
-0.487457882,0.476945317,-0.98989899,-0.8706
-0.469495979,0.450998338,-0.989292929,-0.9165
-0.494764604,0.480538019,-0.98989899,-0.8701
-0.391434248,0.324384962,-0.987777778,-0.9724
-0.446672132,1.383017806,-0.98989899,-0.8576
-0.371847256,0.629506382,-0.98989899,-0.9661
-0.419878798,1.230554354,-0.98989899,-0.8958
-0.275887449,0.179288033,-1,-1
-0.260353624,0.169902428,-0.99,-1
-0.340205749,0.249245789,-0.99989899,-1
-0.293429336,0.179302991,-0.98989899,-1
-0.256275455,0.16895091,-1,-1
-0.226622026,0.149381052,-0.98989899,-1
-0.386229668,0.824978764,-0.98989899,-0.9456
-0.292149296,0.189422875,-1,-1
-0.340125997,0.250998199,-1,-1
-0.235931667,0.159608779,-1,-1
-0.323549849,0.216543182,-1,-1
-0.314238369,0.207008935,-1,-1
-0.310578682,0.189903761,-0.988787879,-1
-0.393401423,0.311128123,-0.983333333,-0.9726
-0.431240061,1.373201035,-0.98989899,-0.8783
-0.305749879,0.186899145,-0.98989899,-1
-0.470094109,0.434300346,-0.981313131,-0.9177
-0.50978355,0.495201459,-0.97979798,-0.8898
-0.404122288,0.344801243,-0.988686869,-0.9634
-0.48418535,0.453688043,-0.97959596,-0.9079
-0.499032079,0.474107756,-0.982525253,-0.8983
-0.302581074,0.196917813,-1,-1
-0.254649987,0.159975589,-0.98989899,-1
-0.417429935,0.369852461,-0.984747475,-0.9537
-0.406235074,0.32849485,-0.97969697,-0.9636
-0.418555775,0.351055513,-0.981818182,-0.9545
-0.377101653,0.305574893,-0.987575758,-0.9821
-0.443923541,0.408317948,-0.985757576,-0.9352
-0.381810423,0.288625887,-0.980909091,-0.9817
-0.368743867,0.27580332,-0.974343434,-0.9911
-0.376568525,0.307669089,-0.988686869,-0.982
-0.377351441,0.307691564,-0.989292929,-0.9818
-0.420537891,0.350808374,-0.980606061,-0.9539
-0.343056345,0.215690584,-0.98989899,-1
-0.274805985,0.169354568,-0.98989899,-1
-0.406332786,0.330245234,-0.982525253,-0.9635
-0.429217386,0.389400124,-0.98969697,-0.9447
-0.501031233,0.468610182,-0.964545455,-0.8978
-0.431111806,0.374058882,-0.983333333,-0.9451
-0.432296496,0.370407812,-0.979292929,-0.9452
-0.391307472,0.326255762,-0.985757576,-0.9724
-0.43111417,0.376432907,-0.984040404,-0.9448
-0.405338958,0.330226733,-0.981515152,-0.9638
-0.547679625,0.557476411,-0.980909091,-0.8625
-0.482186637,0.47129792,-0.98969697,-0.8694
-0.353883717,1.161351511,-1,-0.9226
-0.36335774,0.305574893,-0.98989899,-0.9914
-0.350888147,0.225614623,-0.98989899,-1
-0.458947132,0.429495909,-0.977373737,-0.9253
-0.330737664,0.226817199,-1,-1
-0.563325495,0.580017287,-0.981818182,-0.852
-0.377588956,0.307393074,-0.989494949,-0.9817
-0.496733196,0.476075645,-0.981515152,-0.8987
-0.522191486,0.517603621,-0.981919192,-0.8804
-0.551247947,0.567253404,-0.981414141,-0.8602
-0.42448757,0.401510329,-0.987676768,-0.9449
-0.392422102,0.324338085,-0.98959596,-0.9722
-0.367974133,0.255816812,-0.948181818,-0.9908
-0.440344449,0.395687008,-0.983737374,-0.9371
-0.332752745,0.208339605,-0.98989899,-1
-0.44768056,0.381825498,-0.944545455,-0.935
-0.369738764,1.227205109,-0.998989899,-0.9024
-0.322703803,0.19943983,-0.98989899,-1
-0.365773638,0.293254884,-0.987272727,-0.9919
-0.54093046,0.528261238,-0.943131313,-0.8697
-0.537764367,0.538516979,-0.981717172,-0.8704
-0.470964716,0.4343614,-0.981717172,-0.9175
-0.394457439,0.307364382,-0.981616162,-0.9726
-0.522822075,0.517627108,-0.982121212,-0.8803
-0.21116302,0.14992574,-1,-1
-0.380709229,0.286780918,-0.97979798,-0.982
-0.494938112,0.474498586,-0.97959596,-0.8995
-0.547980355,0.559144997,-0.982525253,-0.862
-0.332108866,0.207711304,-0.98989899,-1
-0.235962206,0.159399916,-1,-1
-0.371420396,1.528271592,-1,-0.8792
-0.38228517,1.70182268,-1,-0.8538
-0.313436697,0.205907185,-1,-1
-0.274666893,0.178606916,-1,-1
-0.22656073,0.149249183,-0.98989899,-1
-0.500815636,0.469539734,-0.973131313,-0.898
-0.212619491,0.149997673,-1,-1
-0.304313696,0.198142939,-1,-1
-0.255236643,0.168684041,-1,-1
-0.381652669,0.290392906,-0.984747475,-0.9817
-0.275210235,0.169486636,-0.98989899,-1
-0.561878208,0.588385048,-0.984949495,-0.8519
-0.361320213,1.295355407,-1,-0.9083
-0.405042515,0.325869747,-0.98989899,-0.945
-0.478984759,0.449387243,-0.98989899,-0.89
-0.514207114,0.489902913,-0.967676768,-0.8885
-0.500930811,0.469924736,-0.975151515,-0.8979
-0.500547747,0.46908882,-0.966868687,-0.8982
-0.322256854,0.198899168,-0.98989899,-1
-0.321930093,0.215127913,-1,-1
-0.34051915,0.251852148,-1,-1
-0.340760831,0.249892775,-0.999292929,-1
-0.305861254,0.187018985,-0.98989899,-1
-0.546015637,0.578331382,-0.98989899,-0.8614
-0.381389233,0.279758239,-0.962929293,-0.9818
-0.458102483,0.406157468,-0.965959596,-0.9269
-0.523932577,0.514994154,-0.978383838,-0.8801
-0.310088029,0.189525786,-0.988787879,-1
-0.405870304,0.330797823,-0.984848485,-0.9638
-0.292034033,0.189828467,-1,-1
-0.434892437,0.369300411,-0.982424242,-0.9447
-0.507549532,0.491289957,-0.98989899,-0.8707
-0.468977804,0.435554596,-0.982929293,-0.9179
-0.417910492,0.351703443,-0.985050505,-0.9549
-0.420265307,0.348542649,-0.978686869,-0.9542
-0.500387365,0.46949103,-0.972929293,-0.8981
-0.510386886,0.49417993,-0.978585859,-0.8896
-0.56751904,0.57315974,-0.967575758,-0.8509
-0.513358795,0.506267726,-0.98989899,-0.8614
-0.501697071,0.470030603,-0.976666667,-0.8977
-0.559202903,0.581439012,-0.984040404,-0.8533
-0.444659913,0.402168856,-0.985555556,-0.9354
-0.474991941,0.432287561,-0.982828283,-0.9165
-0.361185634,0.305490782,-0.985454545,-0.9914
-0.405682134,0.334180404,-0.986868687,-0.9634
-0.504261062,0.49998105,-0.985050505,-0.8911
-0.260329234,0.169976665,-0.99020202,-1
-0.393870212,0.309836418,-0.984747475,-0.9727
-0.505914186,0.489157243,-0.98989899,-0.8704
-0.392062412,0.315077574,-0.987676768,-0.9732
-0.381363017,0.284943656,-0.98989899,-0.9633
-0.379965446,0.288931491,-0.982727273,-0.9823
-0.350740102,0.225330512,-0.98989899,-1
-0.550749001,0.570078849,-0.980505051,-0.8603
-0.485584517,0.448934171,-0.974646465,-0.908
-0.331020918,0.226842183,-1,-1
-0.536060093,0.550784691,-0.986666667,-0.8701
-0.368825351,0.284253818,-0.984343434,-0.9911
-0.493523322,0.469918778,-0.98989899,-0.8801
-0.460469753,0.409913391,-0.977878788,-0.9262
-0.496992549,0.490008255,-0.986767677,-0.8982
-0.546792057,0.559952592,-0.983232323,-0.8623
-0.45836495,0.41033483,-0.979191919,-0.9268
-0.56049556,0.595925445,-0.989393939,-0.8518
-0.499808755,0.475553407,-0.985151515,-0.8984
-0.520118642,0.509379744,-0.98989899,-0.8602
-0.430291989,0.374783936,-0.983838384,-0.9455
-0.430373915,0.374976325,-0.985252525,-0.9454
-0.381599336,0.289776084,-0.984545455,-0.9817
-0.542433244,0.566505924,-0.98969697,-0.863
-0.254151263,0.159778392,-0.98989899,-1
-0.381303123,0.347056419,-0.98989899,-0.9729
-0.360338992,0.305490782,-0.985252525,-0.9921
-0.367562421,0.283888462,-0.983939394,-0.9916
-0.508835555,0.498549372,-0.985757576,-0.8897
-0.560578976,0.585901623,-0.983232323,-0.8522
-0.380815849,0.294269587,-0.984444444,-0.9819
-0.398513759,0.343951559,-0.98979798,-0.9653
-0.376162835,0.303551276,-0.98979798,-0.9827
-0.523157073,0.529724516,-0.986161616,-0.8795
-0.405099106,0.341757367,-0.989292929,-0.9631
-0.483576675,0.465890771,-0.984141414,-0.9077
-0.418930316,0.360958161,-0.988282828,-0.9536
-0.466822308,0.434746733,-0.982020202,-0.9186
-0.42737342,0.383678283,-0.98979798,-0.9459
-0.418774336,0.36139706,-0.987979798,-0.9537
-0.497700993,0.489630551,-0.988787879,-0.8978
-0.546112092,0.576466586,-0.98979798,-0.8617
-0.471118989,0.444464298,-0.989292929,-0.9165
-0.418008844,0.360802484,-0.985656566,-0.9539
-0.442509618,0.395810353,-0.985353535,-0.9363
-0.4713752,0.434224096,-0.982727273,-0.9175
-0.373237546,0.319935714,-0.98989899,-0.9817
-0.446868235,0.389555327,-0.980909091,-0.9358
-0.414299294,0.355102176,-0.98989899,-0.9269
-0.440385015,0.375761596,-0.98989899,-0.9264
-0.510999235,0.510403181,-0.987676768,-0.8884
-0.404991252,0.339040567,-0.987272727,-0.9632
-0.353422511,1.10629667,-1,-0.9293
-0.455466047,0.426909928,-0.98989899,-0.9266
-0.510923084,0.5049942,-0.984949495,-0.8887
-0.459512939,0.40584513,-0.977777778,-0.9266
-0.469175321,0.434138607,-0.982727273,-0.9182
-0.469536857,0.453217157,-0.989292929,-0.9167
-0.480533557,0.474711361,-0.98979798,-0.9078
-0.532418736,0.542279252,-0.985454545,-0.8718
-0.48713268,0.449225689,-0.979090909,-0.9076
-0.455347408,0.406977765,-0.98989899,-0.9075
-0.43244629,0.369906071,-0.980808081,-0.9456
-0.431077756,0.381681138,-0.986767677,-0.9446
-0.533852073,0.539580106,-0.982626263,-0.8714
-0.39637782,0.318156082,-0.98989899,-0.9449
-0.370140401,0.264942579,-0.980707071,-0.9909
-0.393300655,0.309645255,-0.984141414,-0.9729
-0.467705897,0.442025894,-0.98989899,-0.8906
-0.520792721,0.538431438,-0.98989899,-0.8796
-0.431117355,0.366441888,-0.98989899,-0.9262
-0.553459551,0.604251482,-0.98989899,-0.8533
-0.406908247,0.328886966,-0.980808081,-0.9635
-0.491616104,0.47646441,-0.982222222,-0.9005
-0.473393974,0.42926733,-0.977777778,-0.917
-0.495028053,0.497719211,-0.98989899,-0.898
-0.469228093,0.452463655,-0.98989899,-0.9166
-0.430654613,0.390889895,-0.98959596,-0.9443
-0.41769843,0.35411413,-0.985252525,-0.9545
-0.526890867,0.513925387,-0.982020202,-0.8796
-0.365908353,0.330256433,-0.98989899,-0.9821
-0.508229942,0.511750028,-0.98989899,-0.8891
-0.392895917,0.320942611,-0.988181818,-0.9721
-0.463437671,0.436606189,-0.989494949,-0.8895
-0.406937181,0.32910795,-0.981010101,-0.9634
-0.470951025,0.442050359,-0.985353535,-0.9168
-0.407530697,0.328473136,-0.980606061,-0.9638
-0.545101274,0.580325826,-0.98989899,-0.8616
-0.557297809,0.599469967,-0.98989899,-0.8528
-0.380227885,0.289286305,-0.982727273,-0.9822
-0.345154524,0.217651494,-0.98989899,-1
-0.535828584,0.53948905,-0.985757576,-0.871
-0.431540734,0.383514317,-0.988282828,-0.9444
-0.432252762,0.373251241,-0.981515152,-0.9457
-0.361366205,0.305490782,-0.989393939,-0.9912
-0.416910047,0.370604591,-0.98989899,-0.9537
-0.481053007,0.475006745,-0.98989899,-0.9077
-0.491159267,0.478844926,-0.983939394,-0.9004
-0.464687435,0.448105278,-0.985252525,-0.9192
-0.294438582,0.179868258,-0.98989899,-1
-0.496377778,0.493033636,-0.989292929,-0.8981
-0.406623341,0.332802418,-0.986060606,-0.9637
-0.483472027,0.469120659,-0.987474747,-0.9075
-0.394651012,0.369276245,-0.98989899,-0.9632
-0.435564639,0.419441052,-0.98989899,-0.9369
-0.552133708,0.55368491,-0.97979798,-0.8614
-0.4608411,0.414469846,-0.981919192,-0.9263
-0.443969854,0.406308033,-0.98989899,-0.9352
-0.480507734,0.457317997,-0.982626263,-0.909
-0.292603544,0.189798504,-1,-1
-0.260174226,0.169868958,-0.99,-1
-0.384749724,1.468505759,-0.99969697,-0.8849
-0.340634556,0.218692966,-0.98989899,-1
-0.294306736,0.179844101,-0.98989899,-1
-0.32279223,0.215607999,-1,-1
-0.372046985,1.258178079,-0.99989899,-0.9105
-0.383888849,1.538685135,-1,-0.8791
-0.380857415,0.988773008,-0.98989899,-0.9365
-0.332422466,0.208015899,-0.98989899,-1
-0.252938568,0.159802009,-0.98989899,-1
-0.35388547,0.835497568,-0.99959596,-0.9547
-0.305591724,0.186786311,-0.98989899,-1
-0.322467757,0.199220217,-0.98989899,-1
-0.225733379,0.148871203,-0.98989899,-1
-0.310260687,0.189668939,-0.988686869,-1
-0.27498278,0.169840969,-0.98989899,-1
-0.340340388,0.249851716,-1,-1
-0.234885265,0.158999087,-1,-1
-0.35073483,0.225502265,-0.98989899,-1
-0.401519063,1.318366169,-0.98989899,-0.8968
-0.275313977,0.179166648,-1,-1
-0.362192294,1.039869715,-0.99969697,-0.9342
-0.392065254,1.590041709,-0.998181818,-0.8677
-0.392562967,1.158827392,-0.98989899,-0.9167
-0.256130073,0.168725356,-1,-1
-0.330155222,0.225973107,-1,-1
-0.35075031,0.89719927,-1,-0.9496
-0.212856798,0.14992682,-1,-1
-0.304350098,0.198222981,-1,-1
-0.420309985,1.563289737,-0.992525253,-0.8636
-0.419494975,1.557800591,-0.994040404,-0.8643
-0.360865323,0.647518812,-0.98989899,-0.9716
-0.413921754,1.441938716,-0.98989899,-0.8822
-0.375579224,1.049992176,-0.998383838,-0.9271
-0.377693353,1.365287319,-1,-0.8973
-0.385464722,1.152655694,-0.992424242,-0.9145
-0.360359561,1.122833715,-1,-0.9266
-0.314037065,0.206499563,-1,-1
-0.37098631,0.813889533,-0.98989899,-0.9535
-0.399387362,1.667866649,-0.999292929,-0.856
-0.364885465,0.894348635,-0.996666667,-0.9433
